[{"model": "realEstate.openinghours", "pk": 2, "fields": {"weekday": 1, "from_hour": "10:00:00", "to_hour": "14:00:00"}}, {"model": "realEstate.openinghours", "pk": 3, "fields": {"weekday": 1, "from_hour": "16:00:00", "to_hour": "20:00:00"}}, {"model": "realEstate.openinghours", "pk": 4, "fields": {"weekday": 5, "from_hour": "06:00:00", "to_hour": "18:00:00"}}, {"model": "realEstate.officeaddress", "pk": 1, "fields": {"street": "Calle Salamanca", "number": "11", "zipCode": 29688, "localidad": "Estepona", "province": "Malaga", "country": "España"}}, {"model": "realEstate.houseaddress", "pk": 1, "fields": {"street": "Calle Salamanca", "number": "11", "zipCode": 29688, "localidad": "Estepona", "province": "Malaga", "country": "España"}}, {"model": "realEstate.houseaddress", "pk": 4, "fields": {"street": "Avenida Ricardo Soriano", "number": "23", "zipCode": 29660, "localidad": "Marbella", "province": "Malaga", "country": "España"}}, {"model": "realEstate.houseaddress", "pk": 5, "fields": {"street": "Avenida del Coral, Residencial Atalaya Golf", "number": "7", "zipCode": 29688, "localidad": "Estepona", "province": "Malaga", "country": "España"}}, {"model": "realEstate.houseaddress", "pk": 6, "fields": {"street": "Madrid Madrid", "number": "50", "zipCode": 29688, "localidad": "Madrid", "province": "Madrid", "country": "España"}}, {"model": "realEstate.houseaddress", "pk": 7, "fields": {"street": "Ella Le", "number": "31", "zipCode": 29688, "localidad": "Salamanca", "province": "Salamanca", "country": "España"}}, {"model": "realEstate.houseaddress", "pk": 8, "fields": {"street": "Rua Mexico", "number": "40", "zipCode": 36001, "localidad": "Vigo", "province": "Vigo", "country": "España"}}, {"model": "realEstate.houseaddress", "pk": 9, "fields": {"street": "Calle los Tilos", "number": "s/n", "zipCode": 29670, "localidad": "Marbella", "province": "Estepona", "country": "España"}}, {"model": "realEstate.office", "pk": 1, "fields": {"office": "Marbella", "reference": "M29670", "description": "Marbella office", "phone": "123123", "address": 1, "openingHours": [2, 3]}}, {"model": "realEstate.agent", "pk": 11, "fields": {"name": "Adri", "lastname": "Perez Macho", "phone": "654816874", "email": "a@a.es", "photo": "static/uploads/realEstate/agentsPhoto/adriperezmacho.jpg", "rol": "Autonomo", "oficina": 1, "idiomas": "[\"espa\\u00f1ol\"]"}}, {"model": "realEstate.agent", "pk": 12, "fields": {"name": "Bruna", "lastname": "Saez Torres Masso", "phone": "8112312", "email": "a@a.es", "photo": "static/uploads/realEstate/agentsPhoto/brunasaeztorresmasso.jpg", "rol": "Trabajadora", "oficina": 1, "idiomas": "[\"hola\"]"}}, {"model": "realEstate.house", "pk": 2, "fields": {"name": "Calle Salamanca, 14", "summary": "Preciosa Residencial Atalaya Golf", "description": "Asdasdfasdfasdf", "reference": "AT11", "typeBusiness": "sell", "typeHouse": "duplex", "price": 900234.0, "metrosUtiles": 154.0, "metrosConstruidos": 156.0, "numBedrooms": 3, "numBathrooms": 2, "state": "new", "caracteristicas": "[\"piscina\", \"terraza\", \"barbacoa\", \"garaje\", \"solarium\"]", "floor": "last", "publishedDate": "2024-04-02T00:00:00Z", "construction_year": 2024, "address": 1, "agent": 12, "mainPhoto": "static/uploads/realEstate/housesPhotos/AT11/0_mainPhoto.jpg"}}, {"model": "realEstate.house", "pk": 3, "fields": {"name": "Avda Ricardo Soriano, 23", "summary": "Office Maklar", "description": "IOffice maklarh ads fasdf", "reference": "MK109", "typeBusiness": "rent", "typeHouse": "trastero", "price": 987654.0, "metrosUtiles": 120.0, "metrosConstruidos": 140.0, "numBedrooms": 5, "numBathrooms": 6, "state": "good", "caracteristicas": "[\"dos plantas\", \"cristaleras\", \"pileta\", \"p\\u00e1del comunitario\"]", "floor": "middle", "publishedDate": "2024-04-24T09:15:27Z", "construction_year": 2024, "address": 4, "agent": 11, "mainPhoto": "static/uploads/realEstate/housesPhotos/MK109/0_mainPhoto.jpg"}}, {"model": "realEstate.house", "pk": 4, "fields": {"name": "Avenida del Coral, Residencial Atalaya Golf", "summary": "asdfasdf", "description": "asdfasdf", "reference": "AT7", "typeBusiness": "rent", "typeHouse": "adosada", "price": 400000.0, "metrosUtiles": 130.0, "metrosConstruidos": 140.0, "numBedrooms": 3, "numBathrooms": 3, "state": "good", "caracteristicas": "[\"jardin\", \"terraza\", \"piscina\"]", "floor": "none", "publishedDate": "2024-04-24T15:15:28Z", "construction_year": 2024, "address": 5, "agent": 12, "mainPhoto": "static/uploads/realEstate/housesPhotos/AT7/0_mainPhoto.jpg"}}, {"model": "realEstate.house", "pk": 5, "fields": {"name": "Casa Nueva, 44", "summary": "Asdasd", "description": "asdfasdfsad", "reference": "PO123", "typeBusiness": "sell", "typeHouse": "duplex", "price": 456901.0, "metrosUtiles": 120.0, "metrosConstruidos": 140.0, "numBedrooms": 2, "numBathrooms": 2, "state": "new", "caracteristicas": "[\"jardin\", \"piscina\", \"jacuzzi\", \"garaje privado\", \"garaje com\\u00fan\", \"parque acu\\u00e1tico\", \"cocktail bar\", \"sala de juegos\"]", "floor": "last", "publishedDate": "2024-05-15T11:33:38Z", "construction_year": 2024, "address": 6, "agent": 11, "mainPhoto": "static/uploads/realEstate/housesPhotos/PO123/0_mainPhoto.jpg"}}, {"model": "realEstate.house", "pk": 7, "fields": {"name": "Adri Nueva, 51", "summary": "asdfasdf", "description": "asdfasdf", "reference": "AD151", "typeBusiness": "sell", "typeHouse": "duplex", "price": 190000.0, "metrosUtiles": 145.0, "metrosConstruidos": 156.0, "numBedrooms": 2, "numBathrooms": 2, "state": "new", "caracteristicas": "[\"jardin\", \"terraza\", \"vistas al mar\", \"mirador\", \"roof\", \"ba\\u00f1era\"]", "floor": "last", "publishedDate": "2024-05-15T17:54:58.129Z", "construction_year": 2024, "address": 8, "agent": 11, "mainPhoto": "static/uploads/realEstate/housesPhotos/AD151/0_mainPhoto.jpg"}}, {"model": "realEstate.house", "pk": 8, "fields": {"name": "Calle los Tilos s/n", "summary": "Calle los Tilos", "description": "Calle Los tilos", "reference": "NAO2024", "typeBusiness": "sold", "typeHouse": "villa", "price": 1290813.0, "metrosUtiles": 450.0, "metrosConstruidos": 800.0, "numBedrooms": 6, "numBathrooms": 5, "state": "good", "caracteristicas": "[\"terreno\", \"piscina\", \"jacuzzi\", \"restaurante\", \"barbacoa\", \"jardines\", \"garajes\", \"oficinas\"]", "floor": "none", "publishedDate": "2024-06-15T09:53:34.970Z", "construction_year": 2018, "address": 9, "agent": 11, "mainPhoto": "static/uploads/realEstate/housesPhotos/NAO2024/0_mainPhoto.jpg"}}, {"model": "realEstate.imagehouse", "pk": 16, "fields": {"relatedHouse": 2, "image": "static/uploads/realEstate/housesPhotos/AT11/5.webp"}}, {"model": "realEstate.imagehouse", "pk": 17, "fields": {"relatedHouse": 2, "image": "static/uploads/realEstate/housesPhotos/AT11/6.webp"}}, {"model": "realEstate.imagehouse", "pk": 18, "fields": {"relatedHouse": 2, "image": "static/uploads/realEstate/housesPhotos/AT11/7.webp"}}, {"model": "realEstate.imagehouse", "pk": 19, "fields": {"relatedHouse": 2, "image": "static/uploads/realEstate/housesPhotos/AT11/8.webp"}}, {"model": "realEstate.imagehouse", "pk": 20, "fields": {"relatedHouse": 3, "image": "static/uploads/realEstate/housesPhotos/MK109/2.jpg"}}, {"model": "realEstate.imagehouse", "pk": 21, "fields": {"relatedHouse": 3, "image": "static/uploads/realEstate/housesPhotos/MK109/3.jpg"}}, {"model": "realEstate.imagehouse", "pk": 22, "fields": {"relatedHouse": 3, "image": "static/uploads/realEstate/housesPhotos/MK109/4.jpg"}}, {"model": "realEstate.imagehouse", "pk": 23, "fields": {"relatedHouse": 3, "image": "static/uploads/realEstate/housesPhotos/MK109/5.jpg"}}, {"model": "realEstate.imagehouse", "pk": 24, "fields": {"relatedHouse": 3, "image": "static/uploads/realEstate/housesPhotos/MK109/6.jpg"}}, {"model": "realEstate.imagehouse", "pk": 25, "fields": {"relatedHouse": 3, "image": "static/uploads/realEstate/housesPhotos/MK109/7.jpg"}}, {"model": "realEstate.imagehouse", "pk": 26, "fields": {"relatedHouse": 3, "image": "static/uploads/realEstate/housesPhotos/MK109/8.jpg"}}, {"model": "realEstate.imagehouse", "pk": 27, "fields": {"relatedHouse": 3, "image": "static/uploads/realEstate/housesPhotos/MK109/9.jpg"}}, {"model": "realEstate.imagehouse", "pk": 28, "fields": {"relatedHouse": 7, "image": "static/uploads/realEstate/housesPhotos/AD151/1.jpg"}}, {"model": "realEstate.imagehouse", "pk": 29, "fields": {"relatedHouse": 7, "image": "static/uploads/realEstate/housesPhotos/AD151/2.jpg"}}, {"model": "realEstate.imagehouse", "pk": 30, "fields": {"relatedHouse": 7, "image": "static/uploads/realEstate/housesPhotos/AD151/3.jpg"}}, {"model": "realEstate.imagehouse", "pk": 31, "fields": {"relatedHouse": 7, "image": "static/uploads/realEstate/housesPhotos/AD151/4.jpg"}}, {"model": "realEstate.imagehouse", "pk": 32, "fields": {"relatedHouse": 7, "image": "static/uploads/realEstate/housesPhotos/AD151/5.jpg"}}, {"model": "realEstate.imagehouse", "pk": 33, "fields": {"relatedHouse": 7, "image": "static/uploads/realEstate/housesPhotos/AD151/6.jpg"}}, {"model": "realEstate.imagehouse", "pk": 34, "fields": {"relatedHouse": 5, "image": "static/uploads/realEstate/housesPhotos/PO123/1.jpg"}}, {"model": "realEstate.imagehouse", "pk": 35, "fields": {"relatedHouse": 5, "image": "static/uploads/realEstate/housesPhotos/PO123/2.jpg"}}, {"model": "realEstate.imagehouse", "pk": 36, "fields": {"relatedHouse": 5, "image": "static/uploads/realEstate/housesPhotos/PO123/3.jpg"}}, {"model": "realEstate.imagehouse", "pk": 37, "fields": {"relatedHouse": 5, "image": "static/uploads/realEstate/housesPhotos/PO123/4.jpg"}}, {"model": "realEstate.imagehouse", "pk": 38, "fields": {"relatedHouse": 5, "image": "static/uploads/realEstate/housesPhotos/PO123/5.jpg"}}, {"model": "realEstate.imagehouse", "pk": 39, "fields": {"relatedHouse": 4, "image": "static/uploads/realEstate/housesPhotos/AT7/4.jpg"}}, {"model": "realEstate.imagehouse", "pk": 40, "fields": {"relatedHouse": 4, "image": "static/uploads/realEstate/housesPhotos/AT7/5.jpg"}}, {"model": "realEstate.imagehouse", "pk": 41, "fields": {"relatedHouse": 4, "image": "static/uploads/realEstate/housesPhotos/AT7/6.jpg"}}, {"model": "realEstate.imagehouse", "pk": 42, "fields": {"relatedHouse": 4, "image": "static/uploads/realEstate/housesPhotos/AT7/7.jpg"}}, {"model": "realEstate.imagehouse", "pk": 43, "fields": {"relatedHouse": 4, "image": "static/uploads/realEstate/housesPhotos/AT7/8.jpg"}}, {"model": "realEstate.imagehouse", "pk": 44, "fields": {"relatedHouse": 8, "image": "static/uploads/realEstate/housesPhotos/NAO2024/1.jpg"}}, {"model": "realEstate.imagehouse", "pk": 45, "fields": {"relatedHouse": 8, "image": "static/uploads/realEstate/housesPhotos/NAO2024/2.jpg"}}, {"model": "realEstate.imagehouse", "pk": 46, "fields": {"relatedHouse": 8, "image": "static/uploads/realEstate/housesPhotos/NAO2024/3.jpg"}}, {"model": "realEstate.imagehouse", "pk": 47, "fields": {"relatedHouse": 8, "image": "static/uploads/realEstate/housesPhotos/NAO2024/4.jpg"}}]